modelo,accuracy,f1_macro,f1_weighted,cv_f1_macro
Gradient Boosting,0.5279126213592233,0.5232753558466678,0.523275355846668,0.5053279706608358
SVM RBF C=10 balanced,0.5266990291262136,0.5135251147020684,0.5135251147020683,0.519420964271327
Random Forest balanced,0.5254854368932039,0.5110899451473577,0.5110899451473578,0.5141992000799505
SVM RBF C=30 balanced,0.5242718446601942,0.510954893548489,0.510954893548489,0.5079353038424994
